index,yield,radiation,rain,avg_min_temp,avg_max_temp,class
1,1.421666667,66026.81,556.68,4.374190476,17.84271429,2
2,0.81,84870.36,629.6,6.443607843,20.00980392,0
3,0.53875,110686.41,863.19,9.254660494,22.63450617,0
4,0.808333334,142392.22,1096.93,9.254184397,22.43631206,1
