index,yield
1,1.7712
2,2.5664
3,0.974
4,0.9272
5,3.982307692
6,1.683846154
7,1.619230769
8,0.61
9,2.473333333
10,1.9624
11,1.0588
12,0.858
13,1.936666667
14,1.69
15,0.545333333
16,0.572666667
17,3.884
18,2.465333333
19,1.040666667
20,0.418
21,1.5875
22,2.83875
23,2.195
24,1.48625
25,2.61
26,3.1325
27,1.27125
28,1.165
