index,yield,radiation,rain,avg_min_temp,avg_max_temp
1,-2.2965,239119.52,1590.64,1.701487384,14.17831341
2,0.373416667,249300.07,1715.49,2.067003841,14.53441741
3,1.154333333,261405,1862.94,2.542820197,15.00083744
4,1.06825,271709.75,1963.49,2.927630952,15.40058333
