index,yield
1,0.512490323
2,1.425109677
3,-0.505032258
4,0.343006452
5,2.211107692
6,-0.882553846
7,0.645230769
8,-0.3172
9,-1.508974359
10,0.278553846
11,-0.560430769
12,0.248
13,-0.536666666
14,-0.2724
15,-0.513466667
16,-0.285333333
17,1.947333333
18,0.775333333
19,0.495333334
20,-0.154666667
