index,yield,radiation,rain,avg_min_temp,avg_max_temp
1,-1.058461539,121823.22,907.55,1.751365979,13.37131443
2,-1.789230769,134459.5,1136.57,2.798699764,14.49683215
3,-0.831538461,148724.01,1381.99,4.038398268,15.7288961
4,-0.65,163217.02,1501.2,4.836553785,16.58683267
