index,yield
1,2.257735153
2,1.725441026
3,1.238055307
4,0.709644445
