index,yield
1,1.258709677
2,1.141290323
3,1.479032258
4,0.584193548
5,1.7712
6,2.5664
7,0.974
8,0.9272
9,3.982307692
10,1.683846154
11,1.619230769
12,0.61
13,2.473333333
14,1.9624
15,1.0588
16,0.858
17,1.936666667
18,1.69
19,0.545333333
20,0.572666667
21,3.884
22,2.465333333
23,1.040666667
24,0.418
25,1.5875
26,2.83875
27,2.195
28,1.48625
