index,yield
1,2.490058702
2,1.831139927
3,1.20985693
4,0.667980952
