index,yield
1,-0.743846154
2,-1.538653846
3,0.365673077
4,-0.286538462
