index,yield
1,2.124193548
2,1.308709677
3,1.751935484
4,0.705806452
5,1.258709677
6,1.141290323
7,1.479032258
8,0.584193548
9,1.7712
10,2.5664
11,0.974
12,0.9272
13,3.982307692
14,1.683846154
15,1.619230769
16,0.61
17,2.473333333
18,1.9624
19,1.0588
20,0.858
21,1.936666667
22,1.69
23,0.545333333
24,0.572666667
25,3.884
26,2.465333333
27,1.040666667
28,0.418
