index,yield
1,-1.508974359
2,0.278553846
3,-0.560430769
4,0.248
5,-0.536666667
6,-0.2724
7,-0.513466667
8,-0.285333333
9,1.947333333
10,0.775333333
11,0.495333333
12,-0.154666667
13,-2.2965
14,0.373416667
15,1.154333333
16,1.06825
17,1.0225
18,0.29375
19,-0.92375
20,-0.32125
