index,yield
1,3.884
2,2.465333333
3,1.040666667
4,0.418
