index,yield
1,2.506191164
2,2.163562363
3,1.336167384
4,0.850398443
