index,yield
1,3.982307692
2,1.683846154
3,1.619230769
4,0.61
5,2.473333333
6,1.9624
7,1.0588
8,0.858
9,1.936666667
10,1.69
11,0.545333333
12,0.572666667
13,3.884
14,2.465333333
15,1.040666667
16,0.418
17,1.5875
18,2.83875
19,2.195
20,1.48625
21,2.61
22,3.1325
23,1.27125
24,1.165
25,1.866153846
26,1.593846154
27,1.636923077
28,0.878461538
