index,yield
1,1.5875
2,2.83875
3,2.195
4,1.48625
