index,yield,radiation,rain,avg_min_temp,avg_max_temp
1,2.349406476,237920.06,1566.72,3.256238532,15.27348624
2,2.038307564,252511,1839.35,3.821579602,15.80236318
3,1.357217159,264060.84,1909.05,4.307142857,16.2907443
4,0.820557821,285497.24,1966.28,4.743483146,16.88673034
