index,yield
1,1.947333333
2,0.775333333
3,0.495333334
4,-0.154666667
