index,yield,radiation,rain,avg_min_temp,avg_max_temp
1,1.866153846,238887.66,2095.41,1.95851369,13.73706649
2,1.593846154,249675.16,2203.16,2.438467337,14.19643216
3,1.636923077,262000.33,2249.69,3.121411339,14.85823884
4,0.878461538,273082.13,2343.29,3.484749709,15.27118743
