index,yield
1,1.0225
2,0.29375
3,-0.92375
4,-0.32125
