index,yield,radiation,rain,avg_min_temp,avg_max_temp
1,1.0225,351989.28,2454.17,1.677290837,13.73831843
2,0.29375,364625.56,2683.19,2.101702945,14.1400954
3,-0.92375,378890.07,2928.61,2.546502463,14.6292953
4,-0.32125,393383.08,3047.82,2.932297619,15.01457792
