index,yield
1,-0.865483871
2,-0.167419354
3,-0.272903226
4,-0.121612904
5,0.512490323
6,1.425109677
7,-0.505032258
8,0.343006452
9,2.211107692
10,-0.882553846
11,0.645230769
12,-0.3172
13,-1.508974359
14,0.278553846
15,-0.560430769
16,0.248
17,-0.536666666
18,-0.2724
19,-0.513466667
20,-0.285333333
21,1.947333333
22,0.775333333
23,0.495333334
24,-0.154666667
