index,yield,radiation,rain,avg_min_temp,avg_max_temp
1,2.403101213,237920.06,1566.72,3.256238532,15.27348624
2,2.087692165,252511,1839.35,3.821579602,15.80236318
3,1.326138723,264060.84,1909.05,4.307142857,16.2907443
4,0.814124074,285497.24,1966.28,4.743483146,16.88673034
