index,yield
1,2.211107692
2,-0.882553846
3,0.645230769
4,-0.3172
5,-1.508974359
6,0.278553846
7,-0.560430769
8,0.248
9,-0.536666667
10,-0.2724
11,-0.513466667
12,-0.285333333
13,1.947333333
14,0.775333333
15,0.495333333
16,-0.154666667
17,-2.2965
18,0.373416667
19,1.154333333
20,1.06825
