index,yield,radiation,rain,avg_min_temp,avg_max_temp
1,3.884,360208.29,2598.8,2.781462347,15.17169877
2,2.465333333,372333.99,2651.18,3.080170794,15.50437233
3,1.040666667,381807.61,2772.54,3.406535893,15.80889816
4,0.418,401118.77,2845.63,3.72634984,16.19904952
