index,yield
1,-2.2965
2,0.373416667
3,1.154333333
4,1.06825
