index,yield
1,1.508333333
2,1.816666667
3,1.668333333
4,1.67
