index,yield
1,1.625454545
2,1.76
3,1.667272727
4,1.554545455
5,1.625454545
6,1.76
7,1.667272727
8,1.554545455
