index,yield
1,1.528333333
2,1.795
3,1.746666667
4,1.62
