index,yield
1,1.496666667
2,1.77
3,1.735555556
4,1.673333333
