index,yield
1,1.631666667
2,1.780833333
3,1.675833333
4,1.555833333
