index,yield
1,1.481666667
2,1.648333333
3,1.5
4,1.591666667
