index,yield
1,1.496666667
2,1.77
3,1.735555556
4,1.673333333
5,1.496666667
6,1.77
7,1.735555556
8,1.673333333
