index,yield,radiation,rain,avg_min_temp,avg_max_temp,class
1,2.275430424,345348.53,2608.22,3.503699115,14.64592035,2
2,1.561041974,357220.99,2740.76,3.819561102,15.01947504,2
3,1.259959218,369670.39,2842.11,4.137146444,15.39492887,1
4,1.012796755,393355.28,2951.12,4.367255521,15.79983438,1
