index,yield,radiation,rain,avg_min_temp,avg_max_temp,class
1,2.257711306,119088.87,770.43,2.766718346,15.54416021,2
2,1.794710916,134620.45,907.92,3.724509346,16.48799065,1
3,1.128412865,146151.1,924.63,4.49754386,17.34763158,1
