index,yield,rain,radiation,avg_min_temp,avg_max_temp,class
1,1.714571428,1001.5,82886.48,3.176245487,14.89588448,2
2,1.480857143,1094.36,94870.26,4.268208469,16.00996743,1
3,1.128,1385.25,105740.59,5.441454006,17.10041543,1
4,0.892428572,1567.73,117348.18,6.509211957,18.0492663,1
