index,yield,radiation,rain,avg_min_temp,avg_max_temp
1,2.032134615,120668.5,1674.51,6.559923664,16.77180662
2,1.500689103,130584.37,1840.67,7.133056872,17.32080569
3,1.251485577,143581.62,1933.6,7.965714286,18.24795604
4,0.801097757,157547.41,2013.38,8.579391481,18.96014199
