index,yield
1,1.866153846
2,1.593846154
3,1.636923077
4,0.878461538
