index,yield,radiation,rain,avg_min_temp,avg_max_temp
1,-0.743846154,238887.66,2095.41,1.95851369,13.73706649
2,-1.538653846,249675.16,2203.16,2.438467337,14.19643216
3,0.365673077,262000.33,2249.69,3.121411339,14.85823884
4,-0.286538462,273082.13,2343.29,3.484749709,15.27118743
