index,yield,radiation,rain,avg_min_temp,avg_max_temp,class
1,-0.303333333,190061.05,1717.08,7.982595819,20.95221254,1
2,0.685,210582.13,1805.07,8.777984,21.652656,1
3,0.8775,227123.42,1860.39,9.44984985,22.31597598,1
4,0.251666667,239368.93,1943.17,9.901173104,22.71137339,1
5,0.169166667,329129.06,3362.84,9.164704082,21.64185714,1
6,0.0025,339768.02,3442.76,9.480168818,21.95839126,1
7,1.345833333,352858.22,3622.23,9.963339713,22.38644019,2
8,-0.3075,382322.31,3839.32,10.23451699,22.79280859,1
