index,yield,radiation,rain,avg_min_temp,avg_max_temp,class
1,0.169166667,329129.06,3362.84,9.164704082,21.64185714,1
2,0.0025,339768.02,3442.76,9.480168818,21.95839126,1
3,1.345833333,352858.22,3622.23,9.963339713,22.38644019,2
4,-0.3075,382322.31,3839.32,10.23451699,22.79280859,1
