index,yield,radiation,rain,avg_min_temp,avg_max_temp,class
1,-0.303333333,190061.05,1717.08,7.982595819,20.95221254,1
2,0.685,210582.13,1805.07,8.777984,21.652656,1
3,0.8775,227123.42,1860.39,9.44984985,22.31597598,1
4,0.251666667,239368.93,1943.17,9.901173104,22.71137339,1
