index,yield,radiation,rain,avg_min_temp,avg_max_temp,class
1,1.439166667,329129.06,3362.84,9.164704082,21.64185714,1
2,1.155,339768.02,3442.76,9.480168818,21.95839126,1
3,2.323333333,352858.22,3622.23,9.963339713,22.38644019,2
4,0.626666667,382322.31,3839.32,10.23451699,22.79280859,1
