index,yield,radiation,rain,avg_min_temp,avg_max_temp,class
1,2.358,316438.9,2810.1,4.020196629,14.6591573,2
2,1.4945,328325.6,2861.72,4.312652689,15.03327256,1
3,1.217,344350.63,3002.21,4.76832603,15.53247152,1
4,0.5305,364286.18,3129.62,5.010331126,15.83706126,0
