index,yield,radiation,rain,avg_min_temp,avg_max_temp,class
1,0.684705882,297866.57,2911.76,6.510158103,17.04932806,2
2,0.766470588,310590.38,3061.34,6.923658071,17.46616046,1
3,0.004705882,323710.46,3217.78,7.306201479,17.86260628,1
4,-0.422941176,333422.21,3367.75,7.632578616,18.15107817,0
