index,yield,radiation,rain,avg_min_temp,avg_max_temp,class
1,0.684705882,297866.57,2711.76,4.510158103,15.04932806,2
2,0.766470588,310590.38,2761.34,4.923658071,15.46616046,1
3,0.004705882,323710.46,2817.78,5.306201479,15.86260628,1
4,-0.422941176,333422.21,2867.75,5.632578616,16.15107817,0
