index,yield,radiation,rain,avg_min_temp,avg_max_temp,class
1,0.684705882,297866.57,2811.76,7.510158103,18.04932806,2
2,0.766470588,310590.38,2968.34,7.923658071,18.46616046,1
3,0.004705882,323710.46,3057.78,8.306201479,18.86260628,1
4,-0.422941176,333422.21,3177.75,8.632578616,19.15107817,0
