index,yield,radiation,rain,avg_min_temp,avg_max_temp,class
1,-0.905058824,78064.65,620.61,3.555392857,14.09046429,1
2,-1.158882353,89702.5,683.51,4.762806452,15.45751613,0
3,-0.839588235,102155.66,712.25,6.067836257,16.84994152,1
4,0.673,115289.61,836.82,7.315078947,18.14039474,1
