index,yield,radiation,rain,avg_min_temp,avg_max_temp,class
1,2.604,126722.9,943.09,1.091831683,13.2044802,2
2,1.759,139066.58,1127.8,2.31826484,14.39785388,1
3,1.899,151489.05,1207.41,3.256808511,15.44740426,2
