index,yield,radiation,rain,avg_min_temp,avg_max_temp,class
1,-0.026,126722.9,943.09,1.091831683,13.2044802,2
2,-1.574333333,139066.58,1127.8,2.31826484,14.39785388,1
3,0.237888889,151489.05,1207.41,3.256808511,15.44740426,2
