index,yield,radiation,rain,avg_min_temp,avg_max_temp,class
1,-0.865714286,669239.22,8065.33,6.64610767,18.31966651,0
2,-0.071428571,681351.4,8262.61,6.802167996,18.47443923,1
3,-0.227142857,691869.47,8399.32,6.974375,18.636625,0
4,-0.137857143,704673.2,8573.85,7.148669098,18.8006062,0
