index,yield,rain,radiation,avg_min_temp,avg_max_temp,class
1,0.830714286,8065.33,669239.22,6.64610767,18.31966651,0
2,1.298571429,8262.61,681351.4,6.802167996,18.47443923,1
3,0.74,8399.32,691869.47,6.974375,18.636625,0
4,0.640714286,8573.85,704673.2,7.148669098,18.8006062,0
