index,yield,radiation,rain,avg_min_temp,avg_max_temp
1,2.693636364,125698.49,1697.43,5.4538,16.425175
2,2.211818182,136413.72,1886.48,6.284060325,17.20809745
3,1.494545455,147523.87,1973.19,6.531872411,17.57234466
4,1.28,161391.74,2137.18,7.770301205,18.68375502
