index,yield,radiation,rain,avg_min_temp,avg_max_temp,class
1,1.425944056,125698.49,1697.43,5.4538,16.425175,2
2,0.785664336,136413.72,1886.48,6.284060325,17.20809745,2
3,0.297622378,147523.87,1973.19,6.531872411,17.57234466,1
4,0.412307692,161391.74,2137.18,7.770301205,18.68375502,1
