index,yield,radiation,rain,avg_min_temp,avg_max_temp,class
1,1.034,117081.45,866.38,0.049291339,11.2583727,2
2,0.174,134762.66,1021.92,1.74967366,12.93895105,1
3,-0.04,149656.52,1115.28,2.866488223,14.18235546,0
