index,yield,radiation,rain,avg_min_temp,avg_max_temp
1,1.664666667,233501.8,2194.04,5.513855263,16.81431579
2,1.723333333,247205.72,2351.24,6.029285714,17.32293233
3,1.886,258669.97,2432.13,6.430434258,17.73143546
4,1.3,271435.51,2521.06,6.890393519,18.18484954
