index,yield,radiation,rain,avg_min_temp,avg_max_temp,class
1,-1.390666667,233501.8,2194.04,5.513855263,16.81431579,1
2,0.002,247205.72,2351.24,6.029285714,17.32293233,1
3,-0.152,258669.97,2432.13,6.430434258,17.73143546,1
4,0.187333333,271435.51,2521.06,6.890393519,18.18484954,1
