index,yield,radiation,rain,avg_min_temp,avg_max_temp,class
1,1.525369889,337149.01,1912.09,0.88358371,11.96707692,2
2,1.30304305,353400.81,2096.85,1.373266551,12.48047038,2
3,1.065447571,366100.83,2151.68,1.780211685,12.92289585,0
