index,yield
1,2.378203463
2,1.915077922
3,1.524203463
4,1.054510823
